# num of blocks, maximum endTime
59,11053.779999999999
# id, name, peinfo, startTime, endTime
1,bo_In1,1,0.0,0.0
2,bo_Add,1,1714.478,1892.478
3,bo_Add1,1,667.0,845.0
4,bo_Add2,1,2559.478,2737.478
5,bo_Add3,1,9675.302,9853.302
6,bo_Add4,0,9447.302,9625.302
7,bo_Gain,1,331.0,499.0
8,bo_Gain1,1,1008.0,1176.0
9,bo_Gain10,1,10885.779999999999,11053.779999999999
10,bo_Gain11,1,163.0,331.0
11,bo_Gain12,1,2223.478,2391.478
12,bo_Gain13,1,2055.478,2223.478
13,bo_Gain14,1,2391.478,2559.478
14,bo_Gain15,0,6991.868,7159.868
15,bo_Gain16,0,8404.824,8572.824
16,bo_Gain17,0,8572.824,8740.824
17,bo_Gain18,0,9279.302,9447.302
18,bo_Gain19,0,6655.868,6823.868
19,bo_Gain2,1,499.0,667.0
20,bo_Gain20,0,6823.868,6991.868
21,bo_Gain21,0,8236.824,8404.824
22,bo_Gain22,0,3661.956,3829.956
23,bo_Gain23,0,5074.912,5242.912
24,bo_Gain24,0,5242.912,5410.912
25,bo_Gain25,0,5949.39,6117.39
26,bo_Gain26,0,3325.956,3493.956
27,bo_Gain27,0,3493.956,3661.956
28,bo_Gain28,0,4906.912,5074.912
29,bo_Gain3,1,2900.478,3068.478
30,bo_Gain4,1,3606.956,3774.956
31,bo_Gain5,1,4100.956,4268.956
32,bo_Gain6,1,4807.434,4975.434
33,bo_Gain7,1,5301.434,5469.434
34,bo_Gain8,1,6007.912,6175.912
35,bo_Gain9,1,10179.302,10347.302
36,bo_MathFunction1,1,1176.0,1714.478
37,bo_MathFunction10,1,10016.302,10179.302
38,bo_MathFunction11,0,7698.3460000000005,8236.824
39,bo_MathFunction12,0,8740.824,9279.302
40,bo_MathFunction13,0,6117.39,6655.868
41,bo_MathFunction14,0,7159.868,7698.3460000000005
42,bo_MathFunction15,0,4368.434,4906.912
43,bo_MathFunction16,0,5410.912,5949.39
44,bo_MathFunction17,0,2787.478,3325.956
45,bo_MathFunction18,0,3829.956,4368.434
46,bo_MathFunction2,1,845.0,1008.0
47,bo_MathFunction3,1,3068.478,3606.956
48,bo_MathFunction4,1,2737.478,2900.478
49,bo_MathFunction5,1,4268.956,4807.434
50,bo_MathFunction6,1,3937.956,4100.956
51,bo_MathFunction7,1,5469.434,6007.912
52,bo_MathFunction8,1,5138.434,5301.434
53,bo_MathFunction9,1,10347.302,10885.779999999999
54,bo_Sqrt1,1,0.0,163.0
55,bo_Sqrt2,1,1892.478,2055.478
56,bo_Sqrt3,1,3774.956,3937.956
57,bo_Sqrt4,1,4975.434,5138.434
58,bo_Sqrt5,1,9853.302,10016.302
59,bo_Out1,1,11053.779999999999,11053.779999999999
