# num of blocks, maximum endTime
59,11103.779999999999
# id, name, peinfo, startTime, endTime
1,bo_In1,2,0.0,0.0
2,bo_Add,2,1714.478,1892.478
3,bo_Add1,2,667.0,845.0
4,bo_Add2,2,2559.478,2737.478
5,bo_Add3,3,9725.302,9903.302
6,bo_Add4,1,9497.302,9675.302
7,bo_Gain,2,331.0,499.0
8,bo_Gain1,2,1008.0,1176.0
9,bo_Gain10,3,10935.779999999999,11103.779999999999
10,bo_Gain11,2,163.0,331.0
11,bo_Gain12,2,2223.478,2391.478
12,bo_Gain13,2,2055.478,2223.478
13,bo_Gain14,2,2391.478,2559.478
14,bo_Gain15,1,7041.868,7209.868
15,bo_Gain16,1,8454.824,8622.824
16,bo_Gain17,1,8622.824,8790.824
17,bo_Gain18,1,9329.302,9497.302
18,bo_Gain19,1,6705.868,6873.868
19,bo_Gain2,2,499.0,667.0
20,bo_Gain20,1,6873.868,7041.868
21,bo_Gain21,1,8286.824,8454.824
22,bo_Gain22,0,3661.956,3829.956
23,bo_Gain23,0,5074.912,5242.912
24,bo_Gain24,0,5242.912,5410.912
25,bo_Gain25,0,5949.39,6117.39
26,bo_Gain26,0,3325.956,3493.956
27,bo_Gain27,0,3493.956,3661.956
28,bo_Gain28,0,4906.912,5074.912
29,bo_Gain3,2,2900.478,3068.478
30,bo_Gain4,2,3606.956,3774.956
31,bo_Gain5,3,4150.956,4318.956
32,bo_Gain6,3,4857.434,5025.434
33,bo_Gain7,3,5351.434,5519.434
34,bo_Gain8,3,6057.912,6225.912
35,bo_Gain9,3,10229.302,10397.302
36,bo_MathFunction1,2,1176.0,1714.478
37,bo_MathFunction10,3,10066.302,10229.302
38,bo_MathFunction11,1,7748.3460000000005,8286.824
39,bo_MathFunction12,1,8790.824,9329.302
40,bo_MathFunction13,1,6167.39,6705.868
41,bo_MathFunction14,1,7209.868,7748.3460000000005
42,bo_MathFunction15,0,4368.434,4906.912
43,bo_MathFunction16,0,5410.912,5949.39
44,bo_MathFunction17,0,2787.478,3325.956
45,bo_MathFunction18,0,3829.956,4368.434
46,bo_MathFunction2,2,845.0,1008.0
47,bo_MathFunction3,2,3068.478,3606.956
48,bo_MathFunction4,2,2737.478,2900.478
49,bo_MathFunction5,3,4318.956,4857.434
50,bo_MathFunction6,3,3987.956,4150.956
51,bo_MathFunction7,3,5519.434,6057.912
52,bo_MathFunction8,3,5188.434,5351.434
53,bo_MathFunction9,3,10397.302,10935.779999999999
54,bo_Sqrt1,2,0.0,163.0
55,bo_Sqrt2,2,1892.478,2055.478
56,bo_Sqrt3,3,3824.956,3987.956
57,bo_Sqrt4,3,5025.434,5188.434
58,bo_Sqrt5,3,9903.302,10066.302
59,bo_Out1,3,11103.779999999999,11103.779999999999
